target,design_role,ambiguity_type,context_mechanism,candidate_source,selection_reason,context_1,context_1_sense,context_2,context_2_sense,priming_subset
hope,anchor_positive,anchor_control,stability_control,legacy,Legacy unanimous positive anchor.,She kept hope that the application would be approved.,remaining_possibility,The doctors said there was still hope for recovery.,recovery,0
friend,anchor_positive,anchor_control,stability_control,legacy,Legacy unanimous positive anchor.,A friend met her at the station.,meeting,He called a friend when he needed advice.,support,0
murder,anchor_negative,anchor_control,stability_control,legacy,Legacy unanimous negative anchor.,The police opened a murder investigation after the body was found.,investigation,The novel begins with a murder in a small town.,fiction,0
depressed,anchor_negative,anchor_control,stability_control,legacy,Legacy unanimous negative anchor.,He felt depressed after weeks of isolation.,personal_state,The patient described feeling depressed during the winter.,clinical_report,0
bear,legacy_ambiguity,polysemy,sense_disambiguation,legacy,Very high legacy disagreement; strong lexical polysemy.,A bear crossed the trail near the river.,animal,She could not bear the noise from the construction.,endure,0
escape,legacy_ambiguity,contextual_valence_shift,evaluative_reframing,legacy,Very high legacy disagreement; positive/negative framing varies.,The hikers found an escape route out of the valley.,safety,The prisoner planned an escape through the service tunnel.,crime,0
happen,legacy_ambiguity,event_inherited_affect,event_affect_inheritance,legacy,Very high legacy disagreement; affect depends strongly on event context.,The reunion will happen at the station on Friday.,social_event,Accidents can happen even on familiar roads.,accident,0
stare,legacy_ambiguity,contextual_valence_shift,evaluative_reframing,legacy,"High legacy disagreement; attention can be admiration, curiosity, or threat.",Visitors stopped to stare at the painting.,art_attention,A stranger continued to stare from across the platform.,social_threat,0
fire,legacy_ambiguity,contextual_valence_shift,evaluative_reframing,legacy,High legacy BOTH responses; warmth/destruction polysemy and framing.,They gathered around the fire after sunset.,hearth,The fire spread from the kitchen to the roof.,destructive,1
surprise,legacy_ambiguity,contextual_valence_shift,evaluative_reframing,legacy,High legacy BOTH responses; valence is strongly context-dependent.,The package was a surprise for her birthday.,gift,The repair bill came as a surprise.,unexpected_cost,1
morning,legacy_ambiguity,event_inherited_affect,event_affect_inheritance,legacy,Legacy positive/BOTH/neither variation; routine context can alter association.,They drank coffee on the balcony that morning.,leisure,The alarm rang early that morning before the exam.,early_obligation,0
help,legacy_ambiguity,event_inherited_affect,event_affect_inheritance,legacy,Legacy positive/negative/BOTH variation; useful negation/outcome test.,A neighbor came to help carry the boxes.,assistance,The new instructions did little to help.,failed_assistance,0
time,legacy_ambiguity,event_inherited_affect,event_affect_inheritance,legacy,Legacy neither/BOTH split; time pressure versus leisure.,They had time to walk along the river before dinner.,leisure,There was almost no time left before the deadline.,deadline,0
continue,legacy_ambiguity,event_inherited_affect,event_affect_inheritance,legacy,Legacy positive/neither/BOTH variation; continuation inherits event affect.,The concert will continue after the break.,performance,The pain may continue for several days.,symptom,0
strike,legacy_ambiguity,polysemy,sense_disambiguation,legacy,Legacy disagreement plus strong sense variation.,The batter managed to strike the ball into right field.,sport,The workers voted to strike after negotiations failed.,labor,0
promise,legacy_ambiguity,polysemy,sense_disambiguation,legacy,Legacy positive/BOTH/neither variation; reassurance versus threat.,The early results show promise.,potential,I promise there will be consequences if this happens again.,threat,0
hide,legacy_ambiguity,contextual_valence_shift,evaluative_reframing,legacy,Legacy negative/neither variation; play versus concealment.,The children ran to hide during the game.,play,He tried to hide the missing money from the auditors.,concealment,0
cold,legacy_ambiguity,polysemy,sense_disambiguation,legacy,Legacy negative/neither/BOTH variation; physical versus interpersonal sense.,She poured a cold drink after the walk.,temperature,Her reply was cold and formal.,interpersonal,0
fall,legacy_ambiguity,polysemy,sense_disambiguation,legacy,Legacy negative/neither variation; season versus physical event.,The park is busiest in the fall.,season,He began to fall as the ladder shifted.,physical,0
home,legacy_ambiguity,contextual_valence_shift,evaluative_reframing,legacy,Legacy positive/neither variation; belonging is context-sensitive.,They returned home after the trip.,return,The house had not felt like home since the argument.,alienation,0
awe,nrc_candidate,intrinsic_ambivalence,mixed_affect_resolution,curated_nrc_candidate,Mixed high-arousal affect spanning wonder and fear.,The scale of the cathedral filled the visitors with awe.,wonder,The approaching storm inspired awe along the coast.,natural_power,0
nostalgia,nrc_candidate,intrinsic_ambivalence,mixed_affect_resolution,curated_nrc_candidate,Canonical mixed positive/sad affect.,The old song brought nostalgia for school holidays.,pleasant_past,The empty classroom brought nostalgia for classmates who had moved away.,loss,0
thrill,nrc_candidate,intrinsic_ambivalence,mixed_affect_resolution,curated_nrc_candidate,Joy/excitement can overlap with fear and danger.,Crossing the finish line gave her a thrill.,achievement,The sudden drop on the ride gave him a thrill.,danger,0
shock,nrc_candidate,contextual_valence_shift,evaluative_reframing,curated_nrc_candidate,Surprise with strongly variable valence.,The underdog won the match in a shock result.,upset_win,The diagnosis came as a shock.,diagnosis,0
pride,nrc_candidate,intrinsic_ambivalence,mixed_affect_resolution,curated_nrc_candidate,Achievement-related positivity versus socially negative pride.,She felt pride after completing the project.,achievement,His pride kept him from asking for help.,obstacle,0
curious,nrc_candidate,polysemy,sense_disambiguation,curated_nrc_candidate,Interest/anticipation versus suspicious or unsettling novelty.,The students were curious about the new telescope.,inquiry,There was a curious noise behind the wall.,unease,0
wild,nrc_candidate,contextual_valence_shift,evaluative_reframing,curated_nrc_candidate,Natural/admired versus uncontrolled/dangerous readings.,Wild horses moved across the plain.,nature,A wild animal was reported near the campsite.,danger,0
sick,nrc_candidate_sociolinguistic,register_shift,register_activation,curated_nrc_candidate,Strong literal-negative versus slang-positive reversal.,She stayed home because she felt sick.,illness,That skateboard trick was sick.,slang_praise,1
charge,nrc_candidate,polysemy,sense_disambiguation,curated_nrc_candidate,"Legal, electrical, and action senses differ affectively.",The court dismissed the charge after reviewing the evidence.,legal,The battery held enough charge for the trip.,electrical,0
fine,nrc_candidate,polysemy,sense_disambiguation,curated_nrc_candidate,Positive quality adjective versus negative financial penalty.,The company received a fine for missing the deadline.,penalty,The gallery displayed a fine example of early printing.,quality,0
cool,nrc_candidate,register_shift,register_activation,curated_nrc_candidate,Positive evaluative sense versus emotionally distant sense.,The new design looks cool.,approval,Her response was cool and distant.,interpersonal,0
sharp,nrc_candidate,polysemy,sense_disambiguation,curated_nrc_candidate,Positive competence versus pain/danger associations.,She is a sharp analyst who spots errors quickly.,competence,He felt a sharp pain in his shoulder.,pain,0
risk,nrc_candidate,contextual_valence_shift,evaluative_reframing,curated_nrc_candidate,Threat and uncertainty versus excitement/agency.,The new treatment carries a risk of side effects.,hazard,She accepted the risk of trying a more ambitious route.,chosen_uncertainty,0
challenge,nrc_candidate,contextual_valence_shift,evaluative_reframing,curated_nrc_candidate,Growth/engagement versus obstacle/stress.,The puzzle was a challenge they enjoyed.,engaging_task,Finding housing became a serious challenge.,obstacle,1
change,nrc_candidate,contextual_valence_shift,evaluative_reframing,curated_nrc_candidate,Improvement versus disruption/loss.,The change made the process much easier.,improvement,The sudden change disrupted the schedule.,disruption,1
power,nrc_candidate,polysemy,sense_disambiguation,curated_nrc_candidate,Capacity/agency versus domination/coercion.,The backup power returned after a minute.,restoration,The manager used power to silence criticism.,domination,0
control,nrc_candidate,contextual_valence_shift,evaluative_reframing,curated_nrc_candidate,Safety/mastery versus domination/restriction.,The pilot regained control of the aircraft.,mastery,The rules gave one office control over every decision.,domination,1
secret,nrc_candidate,contextual_valence_shift,evaluative_reframing,curated_nrc_candidate,Intimacy/surprise versus concealment/deception.,They shared a secret about the surprise party.,shared_surprise,He kept the payment secret from the auditors.,concealment,0
mystery,nrc_candidate,intrinsic_ambivalence,mixed_affect_resolution,curated_nrc_candidate,Curiosity/wonder versus fear/uncertainty.,The old map added to the mystery of the island.,curiosity,The unexplained disappearance remains a mystery.,disappearance,0
tension,nrc_candidate,contextual_valence_shift,evaluative_reframing,curated_nrc_candidate,Exciting suspense versus interpersonal conflict.,The final minutes were full of tension as the score stayed level.,sport_suspense,Tension between the neighbors had lasted for months.,conflict,0
sacrifice,nrc_candidate,intrinsic_ambivalence,mixed_affect_resolution,curated_nrc_candidate,Noble/prosocial framing versus loss/harm.,She made a sacrifice so her child could attend school.,prosocial,The ritual required the sacrifice of an animal.,ritual_harm,0
pity,nrc_candidate,intrinsic_ambivalence,mixed_affect_resolution,curated_nrc_candidate,Compassion/sadness versus condescension.,She felt pity when she saw the injured bird.,compassion,His apology sounded more like pity than respect.,condescension,0
farewell,nrc_candidate,intrinsic_ambivalence,mixed_affect_resolution,curated_nrc_candidate,Warm social connection combined with sadness/loss.,They held a farewell for the retiring teacher.,warm_departure,His final farewell was written before he left for war.,final_departure,0
silence,nrc_candidate,contextual_valence_shift,evaluative_reframing,curated_nrc_candidate,Peace/concentration versus threat/awkwardness.,The silence in the library made it easy to concentrate.,concentration,An uneasy silence followed the announcement.,unease,1
break,nrc_candidate,polysemy,sense_disambiguation,curated_nrc_candidate,Rest/relief versus damage/injury.,She took a break after finishing the first section.,rest,The scan confirmed a break in his wrist.,injury,0
crush,nrc_candidate,polysemy,sense_disambiguation,curated_nrc_candidate,Romantic noun versus destructive verb.,She had a crush on her lab partner.,romantic,The machine can crush the cans in seconds.,destructive,0
alone,nrc_candidate,contextual_valence_shift,evaluative_reframing,curated_nrc_candidate,Chosen solitude versus social isolation.,She enjoyed walking alone along the coast.,chosen_solitude,He ate alone after everyone else had left.,isolation,0
memory,nrc_candidate,event_inherited_affect,event_affect_inheritance,curated_nrc_candidate,Positive nostalgia versus painful recollection.,The photo brought back a memory of summers at the lake.,pleasant_recollection,The empty chair brought back a memory of the funeral.,painful_recollection,0
party,context_reversal_control,polysemy,sense_disambiguation,legacy+curated,Legacy unanimous positive lexical baseline but political-party sense is affectively different.,They held a party after the final exam.,celebration,The party nominated a new candidate.,political,0
grow,context_reversal_control,contextual_valence_shift,evaluative_reframing,legacy+curated,Legacy unanimous positive lexical baseline but growth can be harmful in context.,The seedlings grow quickly in spring.,plant,The tumor may grow without treatment.,disease,1
