item_key,language,target,text,condition,sense,ambiguity_type,context_mechanism,design_role,source,target_group,base_item_key,prime_arm,active,selection_reason
hope_iso,en,hope,hope,isolated,,anchor_control,stability_control,anchor_positive,legacy,hope,hope,,1,Legacy unanimous positive anchor.
hope_ctx1_remaining_possibility,en,hope,She kept hope that the application would be approved.,context,remaining_possibility,anchor_control,stability_control,anchor_positive,crafted,hope,hope,,1,Legacy unanimous positive anchor.
hope_ctx2_recovery,en,hope,The doctors said there was still hope for recovery.,context,recovery,anchor_control,stability_control,anchor_positive,crafted,hope,hope,,1,Legacy unanimous positive anchor.
friend_iso,en,friend,friend,isolated,,anchor_control,stability_control,anchor_positive,legacy,friend,friend,,1,Legacy unanimous positive anchor.
friend_ctx1_meeting,en,friend,A friend met her at the station.,context,meeting,anchor_control,stability_control,anchor_positive,crafted,friend,friend,,1,Legacy unanimous positive anchor.
friend_ctx2_support,en,friend,He called a friend when he needed advice.,context,support,anchor_control,stability_control,anchor_positive,crafted,friend,friend,,1,Legacy unanimous positive anchor.
murder_iso,en,murder,murder,isolated,,anchor_control,stability_control,anchor_negative,legacy,murder,murder,,1,Legacy unanimous negative anchor.
murder_ctx1_investigation,en,murder,The police opened a murder investigation after the body was found.,context,investigation,anchor_control,stability_control,anchor_negative,crafted,murder,murder,,1,Legacy unanimous negative anchor.
murder_ctx2_fiction,en,murder,The novel begins with a murder in a small town.,context,fiction,anchor_control,stability_control,anchor_negative,crafted,murder,murder,,1,Legacy unanimous negative anchor.
depressed_iso,en,depressed,depressed,isolated,,anchor_control,stability_control,anchor_negative,legacy,depressed,depressed,,1,Legacy unanimous negative anchor.
depressed_ctx1_personal_state,en,depressed,He felt depressed after weeks of isolation.,context,personal_state,anchor_control,stability_control,anchor_negative,crafted,depressed,depressed,,1,Legacy unanimous negative anchor.
depressed_ctx2_clinical_report,en,depressed,The patient described feeling depressed during the winter.,context,clinical_report,anchor_control,stability_control,anchor_negative,crafted,depressed,depressed,,1,Legacy unanimous negative anchor.
bear_iso,en,bear,bear,isolated,,polysemy,sense_disambiguation,legacy_ambiguity,legacy,bear,bear,,1,Very high legacy disagreement; strong lexical polysemy.
bear_ctx1_animal,en,bear,A bear crossed the trail near the river.,context,animal,polysemy,sense_disambiguation,legacy_ambiguity,crafted,bear,bear,,1,Very high legacy disagreement; strong lexical polysemy.
bear_ctx2_endure,en,bear,She could not bear the noise from the construction.,context,endure,polysemy,sense_disambiguation,legacy_ambiguity,crafted,bear,bear,,1,Very high legacy disagreement; strong lexical polysemy.
escape_iso,en,escape,escape,isolated,,contextual_valence_shift,evaluative_reframing,legacy_ambiguity,legacy,escape,escape,,1,Very high legacy disagreement; positive/negative framing varies.
escape_ctx1_safety,en,escape,The hikers found an escape route out of the valley.,context,safety,contextual_valence_shift,evaluative_reframing,legacy_ambiguity,crafted,escape,escape,,1,Very high legacy disagreement; positive/negative framing varies.
escape_ctx2_crime,en,escape,The prisoner planned an escape through the service tunnel.,context,crime,contextual_valence_shift,evaluative_reframing,legacy_ambiguity,crafted,escape,escape,,1,Very high legacy disagreement; positive/negative framing varies.
happen_iso,en,happen,happen,isolated,,event_inherited_affect,event_affect_inheritance,legacy_ambiguity,legacy,happen,happen,,1,Very high legacy disagreement; affect depends strongly on event context.
happen_ctx1_social_event,en,happen,The reunion will happen at the station on Friday.,context,social_event,event_inherited_affect,event_affect_inheritance,legacy_ambiguity,crafted,happen,happen,,1,Very high legacy disagreement; affect depends strongly on event context.
happen_ctx2_accident,en,happen,Accidents can happen even on familiar roads.,context,accident,event_inherited_affect,event_affect_inheritance,legacy_ambiguity,crafted,happen,happen,,1,Very high legacy disagreement; affect depends strongly on event context.
stare_iso,en,stare,stare,isolated,,contextual_valence_shift,evaluative_reframing,legacy_ambiguity,legacy,stare,stare,,1,"High legacy disagreement; attention can be admiration, curiosity, or threat."
stare_ctx1_art_attention,en,stare,Visitors stopped to stare at the painting.,context,art_attention,contextual_valence_shift,evaluative_reframing,legacy_ambiguity,crafted,stare,stare,,1,"High legacy disagreement; attention can be admiration, curiosity, or threat."
stare_ctx2_social_threat,en,stare,A stranger continued to stare from across the platform.,context,social_threat,contextual_valence_shift,evaluative_reframing,legacy_ambiguity,crafted,stare,stare,,1,"High legacy disagreement; attention can be admiration, curiosity, or threat."
fire_iso,en,fire,fire,isolated,,contextual_valence_shift,evaluative_reframing,legacy_ambiguity,legacy,fire,fire,,1,High legacy BOTH responses; warmth/destruction polysemy and framing.
fire_ctx1_hearth,en,fire,They gathered around the fire after sunset.,context,hearth,contextual_valence_shift,evaluative_reframing,legacy_ambiguity,crafted,fire,fire,prime_positive,1,High legacy BOTH responses; warmth/destruction polysemy and framing.
fire_ctx2_destructive,en,fire,The fire spread from the kitchen to the roof.,context,destructive,contextual_valence_shift,evaluative_reframing,legacy_ambiguity,crafted,fire,fire,prime_negative,1,High legacy BOTH responses; warmth/destruction polysemy and framing.
surprise_iso,en,surprise,surprise,isolated,,contextual_valence_shift,evaluative_reframing,legacy_ambiguity,legacy,surprise,surprise,,1,High legacy BOTH responses; valence is strongly context-dependent.
surprise_ctx1_gift,en,surprise,The package was a surprise for her birthday.,context,gift,contextual_valence_shift,evaluative_reframing,legacy_ambiguity,crafted,surprise,surprise,prime_positive,1,High legacy BOTH responses; valence is strongly context-dependent.
surprise_ctx2_unexpected_cost,en,surprise,The repair bill came as a surprise.,context,unexpected_cost,contextual_valence_shift,evaluative_reframing,legacy_ambiguity,crafted,surprise,surprise,prime_negative,1,High legacy BOTH responses; valence is strongly context-dependent.
morning_iso,en,morning,morning,isolated,,event_inherited_affect,event_affect_inheritance,legacy_ambiguity,legacy,morning,morning,,1,Legacy positive/BOTH/neither variation; routine context can alter association.
morning_ctx1_leisure,en,morning,They drank coffee on the balcony that morning.,context,leisure,event_inherited_affect,event_affect_inheritance,legacy_ambiguity,crafted,morning,morning,,1,Legacy positive/BOTH/neither variation; routine context can alter association.
morning_ctx2_early_obligation,en,morning,The alarm rang early that morning before the exam.,context,early_obligation,event_inherited_affect,event_affect_inheritance,legacy_ambiguity,crafted,morning,morning,,1,Legacy positive/BOTH/neither variation; routine context can alter association.
help_iso,en,help,help,isolated,,event_inherited_affect,event_affect_inheritance,legacy_ambiguity,legacy,help,help,,1,Legacy positive/negative/BOTH variation; useful negation/outcome test.
help_ctx1_assistance,en,help,A neighbor came to help carry the boxes.,context,assistance,event_inherited_affect,event_affect_inheritance,legacy_ambiguity,crafted,help,help,,1,Legacy positive/negative/BOTH variation; useful negation/outcome test.
help_ctx2_failed_assistance,en,help,The new instructions did little to help.,context,failed_assistance,event_inherited_affect,event_affect_inheritance,legacy_ambiguity,crafted,help,help,,1,Legacy positive/negative/BOTH variation; useful negation/outcome test.
time_iso,en,time,time,isolated,,event_inherited_affect,event_affect_inheritance,legacy_ambiguity,legacy,time,time,,1,Legacy neither/BOTH split; time pressure versus leisure.
time_ctx1_leisure,en,time,They had time to walk along the river before dinner.,context,leisure,event_inherited_affect,event_affect_inheritance,legacy_ambiguity,crafted,time,time,,1,Legacy neither/BOTH split; time pressure versus leisure.
time_ctx2_deadline,en,time,There was almost no time left before the deadline.,context,deadline,event_inherited_affect,event_affect_inheritance,legacy_ambiguity,crafted,time,time,,1,Legacy neither/BOTH split; time pressure versus leisure.
continue_iso,en,continue,continue,isolated,,event_inherited_affect,event_affect_inheritance,legacy_ambiguity,legacy,continue,continue,,1,Legacy positive/neither/BOTH variation; continuation inherits event affect.
continue_ctx1_performance,en,continue,The concert will continue after the break.,context,performance,event_inherited_affect,event_affect_inheritance,legacy_ambiguity,crafted,continue,continue,,1,Legacy positive/neither/BOTH variation; continuation inherits event affect.
continue_ctx2_symptom,en,continue,The pain may continue for several days.,context,symptom,event_inherited_affect,event_affect_inheritance,legacy_ambiguity,crafted,continue,continue,,1,Legacy positive/neither/BOTH variation; continuation inherits event affect.
strike_iso,en,strike,strike,isolated,,polysemy,sense_disambiguation,legacy_ambiguity,legacy,strike,strike,,1,Legacy disagreement plus strong sense variation.
strike_ctx1_sport,en,strike,The batter managed to strike the ball into right field.,context,sport,polysemy,sense_disambiguation,legacy_ambiguity,crafted,strike,strike,,1,Legacy disagreement plus strong sense variation.
strike_ctx2_labor,en,strike,The workers voted to strike after negotiations failed.,context,labor,polysemy,sense_disambiguation,legacy_ambiguity,crafted,strike,strike,,1,Legacy disagreement plus strong sense variation.
promise_iso,en,promise,promise,isolated,,polysemy,sense_disambiguation,legacy_ambiguity,legacy,promise,promise,,1,Legacy positive/BOTH/neither variation; reassurance versus threat.
promise_ctx1_potential,en,promise,The early results show promise.,context,potential,polysemy,sense_disambiguation,legacy_ambiguity,crafted,promise,promise,,1,Legacy positive/BOTH/neither variation; reassurance versus threat.
promise_ctx2_threat,en,promise,I promise there will be consequences if this happens again.,context,threat,polysemy,sense_disambiguation,legacy_ambiguity,crafted,promise,promise,,1,Legacy positive/BOTH/neither variation; reassurance versus threat.
hide_iso,en,hide,hide,isolated,,contextual_valence_shift,evaluative_reframing,legacy_ambiguity,legacy,hide,hide,,1,Legacy negative/neither variation; play versus concealment.
hide_ctx1_play,en,hide,The children ran to hide during the game.,context,play,contextual_valence_shift,evaluative_reframing,legacy_ambiguity,crafted,hide,hide,,1,Legacy negative/neither variation; play versus concealment.
hide_ctx2_concealment,en,hide,He tried to hide the missing money from the auditors.,context,concealment,contextual_valence_shift,evaluative_reframing,legacy_ambiguity,crafted,hide,hide,,1,Legacy negative/neither variation; play versus concealment.
cold_iso,en,cold,cold,isolated,,polysemy,sense_disambiguation,legacy_ambiguity,legacy,cold,cold,,1,Legacy negative/neither/BOTH variation; physical versus interpersonal sense.
cold_ctx1_temperature,en,cold,She poured a cold drink after the walk.,context,temperature,polysemy,sense_disambiguation,legacy_ambiguity,crafted,cold,cold,,1,Legacy negative/neither/BOTH variation; physical versus interpersonal sense.
cold_ctx2_interpersonal,en,cold,Her reply was cold and formal.,context,interpersonal,polysemy,sense_disambiguation,legacy_ambiguity,crafted,cold,cold,,1,Legacy negative/neither/BOTH variation; physical versus interpersonal sense.
fall_iso,en,fall,fall,isolated,,polysemy,sense_disambiguation,legacy_ambiguity,legacy,fall,fall,,1,Legacy negative/neither variation; season versus physical event.
fall_ctx1_season,en,fall,The park is busiest in the fall.,context,season,polysemy,sense_disambiguation,legacy_ambiguity,crafted,fall,fall,,1,Legacy negative/neither variation; season versus physical event.
fall_ctx2_physical,en,fall,He began to fall as the ladder shifted.,context,physical,polysemy,sense_disambiguation,legacy_ambiguity,crafted,fall,fall,,1,Legacy negative/neither variation; season versus physical event.
home_iso,en,home,home,isolated,,contextual_valence_shift,evaluative_reframing,legacy_ambiguity,legacy,home,home,,1,Legacy positive/neither variation; belonging is context-sensitive.
home_ctx1_return,en,home,They returned home after the trip.,context,return,contextual_valence_shift,evaluative_reframing,legacy_ambiguity,crafted,home,home,,1,Legacy positive/neither variation; belonging is context-sensitive.
home_ctx2_alienation,en,home,The house had not felt like home since the argument.,context,alienation,contextual_valence_shift,evaluative_reframing,legacy_ambiguity,crafted,home,home,,1,Legacy positive/neither variation; belonging is context-sensitive.
awe_iso,en,awe,awe,isolated,,intrinsic_ambivalence,mixed_affect_resolution,nrc_candidate,curated_nrc_candidate,awe,awe,,1,Mixed high-arousal affect spanning wonder and fear.
awe_ctx1_wonder,en,awe,The scale of the cathedral filled the visitors with awe.,context,wonder,intrinsic_ambivalence,mixed_affect_resolution,nrc_candidate,crafted,awe,awe,,1,Mixed high-arousal affect spanning wonder and fear.
awe_ctx2_natural_power,en,awe,The approaching storm inspired awe along the coast.,context,natural_power,intrinsic_ambivalence,mixed_affect_resolution,nrc_candidate,crafted,awe,awe,,1,Mixed high-arousal affect spanning wonder and fear.
nostalgia_iso,en,nostalgia,nostalgia,isolated,,intrinsic_ambivalence,mixed_affect_resolution,nrc_candidate,curated_nrc_candidate,nostalgia,nostalgia,,1,Canonical mixed positive/sad affect.
nostalgia_ctx1_pleasant_past,en,nostalgia,The old song brought nostalgia for school holidays.,context,pleasant_past,intrinsic_ambivalence,mixed_affect_resolution,nrc_candidate,crafted,nostalgia,nostalgia,,1,Canonical mixed positive/sad affect.
nostalgia_ctx2_loss,en,nostalgia,The empty classroom brought nostalgia for classmates who had moved away.,context,loss,intrinsic_ambivalence,mixed_affect_resolution,nrc_candidate,crafted,nostalgia,nostalgia,,1,Canonical mixed positive/sad affect.
thrill_iso,en,thrill,thrill,isolated,,intrinsic_ambivalence,mixed_affect_resolution,nrc_candidate,curated_nrc_candidate,thrill,thrill,,1,Joy/excitement can overlap with fear and danger.
thrill_ctx1_achievement,en,thrill,Crossing the finish line gave her a thrill.,context,achievement,intrinsic_ambivalence,mixed_affect_resolution,nrc_candidate,crafted,thrill,thrill,,1,Joy/excitement can overlap with fear and danger.
thrill_ctx2_danger,en,thrill,The sudden drop on the ride gave him a thrill.,context,danger,intrinsic_ambivalence,mixed_affect_resolution,nrc_candidate,crafted,thrill,thrill,,1,Joy/excitement can overlap with fear and danger.
shock_iso,en,shock,shock,isolated,,contextual_valence_shift,evaluative_reframing,nrc_candidate,curated_nrc_candidate,shock,shock,,1,Surprise with strongly variable valence.
shock_ctx1_upset_win,en,shock,The underdog won the match in a shock result.,context,upset_win,contextual_valence_shift,evaluative_reframing,nrc_candidate,crafted,shock,shock,,1,Surprise with strongly variable valence.
shock_ctx2_diagnosis,en,shock,The diagnosis came as a shock.,context,diagnosis,contextual_valence_shift,evaluative_reframing,nrc_candidate,crafted,shock,shock,,1,Surprise with strongly variable valence.
pride_iso,en,pride,pride,isolated,,intrinsic_ambivalence,mixed_affect_resolution,nrc_candidate,curated_nrc_candidate,pride,pride,,1,Achievement-related positivity versus socially negative pride.
pride_ctx1_achievement,en,pride,She felt pride after completing the project.,context,achievement,intrinsic_ambivalence,mixed_affect_resolution,nrc_candidate,crafted,pride,pride,,1,Achievement-related positivity versus socially negative pride.
pride_ctx2_obstacle,en,pride,His pride kept him from asking for help.,context,obstacle,intrinsic_ambivalence,mixed_affect_resolution,nrc_candidate,crafted,pride,pride,,1,Achievement-related positivity versus socially negative pride.
curious_iso,en,curious,curious,isolated,,polysemy,sense_disambiguation,nrc_candidate,curated_nrc_candidate,curious,curious,,1,Interest/anticipation versus suspicious or unsettling novelty.
curious_ctx1_inquiry,en,curious,The students were curious about the new telescope.,context,inquiry,polysemy,sense_disambiguation,nrc_candidate,crafted,curious,curious,,1,Interest/anticipation versus suspicious or unsettling novelty.
curious_ctx2_unease,en,curious,There was a curious noise behind the wall.,context,unease,polysemy,sense_disambiguation,nrc_candidate,crafted,curious,curious,,1,Interest/anticipation versus suspicious or unsettling novelty.
wild_iso,en,wild,wild,isolated,,contextual_valence_shift,evaluative_reframing,nrc_candidate,curated_nrc_candidate,wild,wild,,1,Natural/admired versus uncontrolled/dangerous readings.
wild_ctx1_nature,en,wild,Wild horses moved across the plain.,context,nature,contextual_valence_shift,evaluative_reframing,nrc_candidate,crafted,wild,wild,,1,Natural/admired versus uncontrolled/dangerous readings.
wild_ctx2_danger,en,wild,A wild animal was reported near the campsite.,context,danger,contextual_valence_shift,evaluative_reframing,nrc_candidate,crafted,wild,wild,,1,Natural/admired versus uncontrolled/dangerous readings.
sick_iso,en,sick,sick,isolated,,register_shift,register_activation,nrc_candidate_sociolinguistic,curated_nrc_candidate,sick,sick,,1,Strong literal-negative versus slang-positive reversal.
sick_ctx1_illness,en,sick,She stayed home because she felt sick.,context,illness,register_shift,register_activation,nrc_candidate_sociolinguistic,crafted,sick,sick,prime_negative,1,Strong literal-negative versus slang-positive reversal.
sick_ctx2_slang_praise,en,sick,That skateboard trick was sick.,context,slang_praise,register_shift,register_activation,nrc_candidate_sociolinguistic,crafted,sick,sick,prime_positive,1,Strong literal-negative versus slang-positive reversal.
charge_iso,en,charge,charge,isolated,,polysemy,sense_disambiguation,nrc_candidate,curated_nrc_candidate,charge,charge,,1,"Legal, electrical, and action senses differ affectively."
charge_ctx1_legal,en,charge,The court dismissed the charge after reviewing the evidence.,context,legal,polysemy,sense_disambiguation,nrc_candidate,crafted,charge,charge,,1,"Legal, electrical, and action senses differ affectively."
charge_ctx2_electrical,en,charge,The battery held enough charge for the trip.,context,electrical,polysemy,sense_disambiguation,nrc_candidate,crafted,charge,charge,,1,"Legal, electrical, and action senses differ affectively."
fine_iso,en,fine,fine,isolated,,polysemy,sense_disambiguation,nrc_candidate,curated_nrc_candidate,fine,fine,,1,Positive quality adjective versus negative financial penalty.
fine_ctx1_penalty,en,fine,The company received a fine for missing the deadline.,context,penalty,polysemy,sense_disambiguation,nrc_candidate,crafted,fine,fine,,1,Positive quality adjective versus negative financial penalty.
fine_ctx2_quality,en,fine,The gallery displayed a fine example of early printing.,context,quality,polysemy,sense_disambiguation,nrc_candidate,crafted,fine,fine,,1,Positive quality adjective versus negative financial penalty.
cool_iso,en,cool,cool,isolated,,register_shift,register_activation,nrc_candidate,curated_nrc_candidate,cool,cool,,1,Positive evaluative sense versus emotionally distant sense.
cool_ctx1_approval,en,cool,The new design looks cool.,context,approval,register_shift,register_activation,nrc_candidate,crafted,cool,cool,,1,Positive evaluative sense versus emotionally distant sense.
cool_ctx2_interpersonal,en,cool,Her response was cool and distant.,context,interpersonal,register_shift,register_activation,nrc_candidate,crafted,cool,cool,,1,Positive evaluative sense versus emotionally distant sense.
sharp_iso,en,sharp,sharp,isolated,,polysemy,sense_disambiguation,nrc_candidate,curated_nrc_candidate,sharp,sharp,,1,Positive competence versus pain/danger associations.
sharp_ctx1_competence,en,sharp,She is a sharp analyst who spots errors quickly.,context,competence,polysemy,sense_disambiguation,nrc_candidate,crafted,sharp,sharp,,1,Positive competence versus pain/danger associations.
sharp_ctx2_pain,en,sharp,He felt a sharp pain in his shoulder.,context,pain,polysemy,sense_disambiguation,nrc_candidate,crafted,sharp,sharp,,1,Positive competence versus pain/danger associations.
risk_iso,en,risk,risk,isolated,,contextual_valence_shift,evaluative_reframing,nrc_candidate,curated_nrc_candidate,risk,risk,,1,Threat and uncertainty versus excitement/agency.
risk_ctx1_hazard,en,risk,The new treatment carries a risk of side effects.,context,hazard,contextual_valence_shift,evaluative_reframing,nrc_candidate,crafted,risk,risk,,1,Threat and uncertainty versus excitement/agency.
risk_ctx2_chosen_uncertainty,en,risk,She accepted the risk of trying a more ambitious route.,context,chosen_uncertainty,contextual_valence_shift,evaluative_reframing,nrc_candidate,crafted,risk,risk,,1,Threat and uncertainty versus excitement/agency.
challenge_iso,en,challenge,challenge,isolated,,contextual_valence_shift,evaluative_reframing,nrc_candidate,curated_nrc_candidate,challenge,challenge,,1,Growth/engagement versus obstacle/stress.
challenge_ctx1_engaging_task,en,challenge,The puzzle was a challenge they enjoyed.,context,engaging_task,contextual_valence_shift,evaluative_reframing,nrc_candidate,crafted,challenge,challenge,prime_positive,1,Growth/engagement versus obstacle/stress.
challenge_ctx2_obstacle,en,challenge,Finding housing became a serious challenge.,context,obstacle,contextual_valence_shift,evaluative_reframing,nrc_candidate,crafted,challenge,challenge,prime_negative,1,Growth/engagement versus obstacle/stress.
change_iso,en,change,change,isolated,,contextual_valence_shift,evaluative_reframing,nrc_candidate,curated_nrc_candidate,change,change,,1,Improvement versus disruption/loss.
change_ctx1_improvement,en,change,The change made the process much easier.,context,improvement,contextual_valence_shift,evaluative_reframing,nrc_candidate,crafted,change,change,prime_positive,1,Improvement versus disruption/loss.
change_ctx2_disruption,en,change,The sudden change disrupted the schedule.,context,disruption,contextual_valence_shift,evaluative_reframing,nrc_candidate,crafted,change,change,prime_negative,1,Improvement versus disruption/loss.
power_iso,en,power,power,isolated,,polysemy,sense_disambiguation,nrc_candidate,curated_nrc_candidate,power,power,,1,Capacity/agency versus domination/coercion.
power_ctx1_restoration,en,power,The backup power returned after a minute.,context,restoration,polysemy,sense_disambiguation,nrc_candidate,crafted,power,power,,1,Capacity/agency versus domination/coercion.
power_ctx2_domination,en,power,The manager used power to silence criticism.,context,domination,polysemy,sense_disambiguation,nrc_candidate,crafted,power,power,,1,Capacity/agency versus domination/coercion.
control_iso,en,control,control,isolated,,contextual_valence_shift,evaluative_reframing,nrc_candidate,curated_nrc_candidate,control,control,,1,Safety/mastery versus domination/restriction.
control_ctx1_mastery,en,control,The pilot regained control of the aircraft.,context,mastery,contextual_valence_shift,evaluative_reframing,nrc_candidate,crafted,control,control,prime_positive,1,Safety/mastery versus domination/restriction.
control_ctx2_domination,en,control,The rules gave one office control over every decision.,context,domination,contextual_valence_shift,evaluative_reframing,nrc_candidate,crafted,control,control,prime_negative,1,Safety/mastery versus domination/restriction.
secret_iso,en,secret,secret,isolated,,contextual_valence_shift,evaluative_reframing,nrc_candidate,curated_nrc_candidate,secret,secret,,1,Intimacy/surprise versus concealment/deception.
secret_ctx1_shared_surprise,en,secret,They shared a secret about the surprise party.,context,shared_surprise,contextual_valence_shift,evaluative_reframing,nrc_candidate,crafted,secret,secret,,1,Intimacy/surprise versus concealment/deception.
secret_ctx2_concealment,en,secret,He kept the payment secret from the auditors.,context,concealment,contextual_valence_shift,evaluative_reframing,nrc_candidate,crafted,secret,secret,,1,Intimacy/surprise versus concealment/deception.
mystery_iso,en,mystery,mystery,isolated,,intrinsic_ambivalence,mixed_affect_resolution,nrc_candidate,curated_nrc_candidate,mystery,mystery,,1,Curiosity/wonder versus fear/uncertainty.
mystery_ctx1_curiosity,en,mystery,The old map added to the mystery of the island.,context,curiosity,intrinsic_ambivalence,mixed_affect_resolution,nrc_candidate,crafted,mystery,mystery,,1,Curiosity/wonder versus fear/uncertainty.
mystery_ctx2_disappearance,en,mystery,The unexplained disappearance remains a mystery.,context,disappearance,intrinsic_ambivalence,mixed_affect_resolution,nrc_candidate,crafted,mystery,mystery,,1,Curiosity/wonder versus fear/uncertainty.
tension_iso,en,tension,tension,isolated,,contextual_valence_shift,evaluative_reframing,nrc_candidate,curated_nrc_candidate,tension,tension,,1,Exciting suspense versus interpersonal conflict.
tension_ctx1_sport_suspense,en,tension,The final minutes were full of tension as the score stayed level.,context,sport_suspense,contextual_valence_shift,evaluative_reframing,nrc_candidate,crafted,tension,tension,,1,Exciting suspense versus interpersonal conflict.
tension_ctx2_conflict,en,tension,Tension between the neighbors had lasted for months.,context,conflict,contextual_valence_shift,evaluative_reframing,nrc_candidate,crafted,tension,tension,,1,Exciting suspense versus interpersonal conflict.
sacrifice_iso,en,sacrifice,sacrifice,isolated,,intrinsic_ambivalence,mixed_affect_resolution,nrc_candidate,curated_nrc_candidate,sacrifice,sacrifice,,1,Noble/prosocial framing versus loss/harm.
sacrifice_ctx1_prosocial,en,sacrifice,She made a sacrifice so her child could attend school.,context,prosocial,intrinsic_ambivalence,mixed_affect_resolution,nrc_candidate,crafted,sacrifice,sacrifice,,1,Noble/prosocial framing versus loss/harm.
sacrifice_ctx2_ritual_harm,en,sacrifice,The ritual required the sacrifice of an animal.,context,ritual_harm,intrinsic_ambivalence,mixed_affect_resolution,nrc_candidate,crafted,sacrifice,sacrifice,,1,Noble/prosocial framing versus loss/harm.
pity_iso,en,pity,pity,isolated,,intrinsic_ambivalence,mixed_affect_resolution,nrc_candidate,curated_nrc_candidate,pity,pity,,1,Compassion/sadness versus condescension.
pity_ctx1_compassion,en,pity,She felt pity when she saw the injured bird.,context,compassion,intrinsic_ambivalence,mixed_affect_resolution,nrc_candidate,crafted,pity,pity,,1,Compassion/sadness versus condescension.
pity_ctx2_condescension,en,pity,His apology sounded more like pity than respect.,context,condescension,intrinsic_ambivalence,mixed_affect_resolution,nrc_candidate,crafted,pity,pity,,1,Compassion/sadness versus condescension.
farewell_iso,en,farewell,farewell,isolated,,intrinsic_ambivalence,mixed_affect_resolution,nrc_candidate,curated_nrc_candidate,farewell,farewell,,1,Warm social connection combined with sadness/loss.
farewell_ctx1_warm_departure,en,farewell,They held a farewell for the retiring teacher.,context,warm_departure,intrinsic_ambivalence,mixed_affect_resolution,nrc_candidate,crafted,farewell,farewell,,1,Warm social connection combined with sadness/loss.
farewell_ctx2_final_departure,en,farewell,His final farewell was written before he left for war.,context,final_departure,intrinsic_ambivalence,mixed_affect_resolution,nrc_candidate,crafted,farewell,farewell,,1,Warm social connection combined with sadness/loss.
silence_iso,en,silence,silence,isolated,,contextual_valence_shift,evaluative_reframing,nrc_candidate,curated_nrc_candidate,silence,silence,,1,Peace/concentration versus threat/awkwardness.
silence_ctx1_concentration,en,silence,The silence in the library made it easy to concentrate.,context,concentration,contextual_valence_shift,evaluative_reframing,nrc_candidate,crafted,silence,silence,prime_positive,1,Peace/concentration versus threat/awkwardness.
silence_ctx2_unease,en,silence,An uneasy silence followed the announcement.,context,unease,contextual_valence_shift,evaluative_reframing,nrc_candidate,crafted,silence,silence,prime_negative,1,Peace/concentration versus threat/awkwardness.
break_iso,en,break,break,isolated,,polysemy,sense_disambiguation,nrc_candidate,curated_nrc_candidate,break,break,,1,Rest/relief versus damage/injury.
break_ctx1_rest,en,break,She took a break after finishing the first section.,context,rest,polysemy,sense_disambiguation,nrc_candidate,crafted,break,break,,1,Rest/relief versus damage/injury.
break_ctx2_injury,en,break,The scan confirmed a break in his wrist.,context,injury,polysemy,sense_disambiguation,nrc_candidate,crafted,break,break,,1,Rest/relief versus damage/injury.
crush_iso,en,crush,crush,isolated,,polysemy,sense_disambiguation,nrc_candidate,curated_nrc_candidate,crush,crush,,1,Romantic noun versus destructive verb.
crush_ctx1_romantic,en,crush,She had a crush on her lab partner.,context,romantic,polysemy,sense_disambiguation,nrc_candidate,crafted,crush,crush,,1,Romantic noun versus destructive verb.
crush_ctx2_destructive,en,crush,The machine can crush the cans in seconds.,context,destructive,polysemy,sense_disambiguation,nrc_candidate,crafted,crush,crush,,1,Romantic noun versus destructive verb.
alone_iso,en,alone,alone,isolated,,contextual_valence_shift,evaluative_reframing,nrc_candidate,curated_nrc_candidate,alone,alone,,1,Chosen solitude versus social isolation.
alone_ctx1_chosen_solitude,en,alone,She enjoyed walking alone along the coast.,context,chosen_solitude,contextual_valence_shift,evaluative_reframing,nrc_candidate,crafted,alone,alone,,1,Chosen solitude versus social isolation.
alone_ctx2_isolation,en,alone,He ate alone after everyone else had left.,context,isolation,contextual_valence_shift,evaluative_reframing,nrc_candidate,crafted,alone,alone,,1,Chosen solitude versus social isolation.
memory_iso,en,memory,memory,isolated,,event_inherited_affect,event_affect_inheritance,nrc_candidate,curated_nrc_candidate,memory,memory,,1,Positive nostalgia versus painful recollection.
memory_ctx1_pleasant_recollection,en,memory,The photo brought back a memory of summers at the lake.,context,pleasant_recollection,event_inherited_affect,event_affect_inheritance,nrc_candidate,crafted,memory,memory,,1,Positive nostalgia versus painful recollection.
memory_ctx2_painful_recollection,en,memory,The empty chair brought back a memory of the funeral.,context,painful_recollection,event_inherited_affect,event_affect_inheritance,nrc_candidate,crafted,memory,memory,,1,Positive nostalgia versus painful recollection.
party_iso,en,party,party,isolated,,polysemy,sense_disambiguation,context_reversal_control,legacy+curated,party,party,,1,Legacy unanimous positive lexical baseline but political-party sense is affectively different.
party_ctx1_celebration,en,party,They held a party after the final exam.,context,celebration,polysemy,sense_disambiguation,context_reversal_control,crafted,party,party,,1,Legacy unanimous positive lexical baseline but political-party sense is affectively different.
party_ctx2_political,en,party,The party nominated a new candidate.,context,political,polysemy,sense_disambiguation,context_reversal_control,crafted,party,party,,1,Legacy unanimous positive lexical baseline but political-party sense is affectively different.
grow_iso,en,grow,grow,isolated,,contextual_valence_shift,evaluative_reframing,context_reversal_control,legacy+curated,grow,grow,,1,Legacy unanimous positive lexical baseline but growth can be harmful in context.
grow_ctx1_plant,en,grow,The seedlings grow quickly in spring.,context,plant,contextual_valence_shift,evaluative_reframing,context_reversal_control,crafted,grow,grow,prime_positive,1,Legacy unanimous positive lexical baseline but growth can be harmful in context.
grow_ctx2_disease,en,grow,The tumor may grow without treatment.,context,disease,contextual_valence_shift,evaluative_reframing,context_reversal_control,crafted,grow,grow,prime_negative,1,Legacy unanimous positive lexical baseline but growth can be harmful in context.
